Year,Day of Week,Month,Day,Time (ET),Game Type,Home Team,Away Team,Arena,City,State,Attendance
2023,Friday,May,19,7:00 PM,Regular season,Indiana Fever,Connecticut Sun,Gainbridge Fieldhouse,Indianapolis,IN,7356
2023,Friday,May,19,7:00 PM,Regular season,Washington Mystics,New York Liberty,Entertainment and Sports Arena,Washington,DC,4200
2023,Friday,May,19,8:00 PM,Regular season,Minnesota Lynx,Chicago Sky,Target Center,Minneapolis,MN,8024
2023,Friday,May,19,11:00 PM,Regular season,Los Angeles Sparks,Phoenix Mercury,Crypto.com Arena,Los Angeles,CA,10396
2023,Saturday,May,20,3:00 PM,Regular season,Seattle Storm,Las Vegas Aces,Climate Pledge Arena,Seattle,WA,11229
2023,Saturday,May,20,1:00 PM,Regular season,Dallas Wings,Atlanta Dream,College Park Center,Arlington,TX,5588
2023,Sunday,May,21,1:00 PM,Regular season,Connecticut Sun,Washington Mystics,Mohegan Sun Arena,Uncasville,CT,7048
2023,Sunday,May,21,2:00 PM,Regular season,New York Liberty,Indiana Fever,Barclays Center,Brooklyn,NY,8575
2023,Sunday,May,21,4:00 PM,Regular season,Phoenix Mercury,Chicago Sky,Footprint Center,Phoenix,AZ,14040
2023,Tuesday,May,23,7:00 PM,Regular season,Washington Mystics,Connecticut Sun,Entertainment and Sports Arena,Washington,DC,3383
2023,Tuesday,May,23,8:00 PM,Regular season,Minnesota Lynx,Atlanta Dream,Target Center,Minneapolis,MN,7803
2023,Thursday,May,25,10:00 PM,Regular season,Los Angeles Sparks,Las Vegas Aces,Crypto.com Arena,Los Angeles,CA,7314
2023,Thursday,May,25,10:00 PM,Regular season,Phoenix Mercury,Minnesota Lynx,Footprint Center,Phoenix,AZ,6057
2023,Friday,May,26,8:00 PM,Regular season,Chicago Sky,Washington Mystics,Wintrust Arena,Chicago,IL,7304
2023,Friday,May,26,10:00 PM,Regular season,Seattle Storm,Dallas Wings,Climate Pledge Arena,Seattle,WA,8277
2023,Saturday,May,27,1:00 PM,Regular season,New York Liberty,Connecticut Sun,Barclays Center,Brooklyn,NY,7102
2023,Saturday,May,27,9:00 PM,Regular season,Las Vegas Aces,Los Angeles Sparks,Michelob ULTRA Arena,Las Vegas,NV,10191
2023,Sunday,May,28,3:00 PM,Regular season,Atlanta Dream,Indiana Fever,Gateway Center Arena @ College Park,Atlanta,GA,3209
2023,Sunday,May,28,6:00 PM,Regular season,Chicago Sky,Dallas Wings,Wintrust Arena,Chicago,IL,6042
2023,Sunday,May,28,9:00 PM,Regular season,Las Vegas Aces,Minnesota Lynx,Michelob ULTRA Arena,Las Vegas,NV,7970
2023,Tuesday,May,30,7:00 PM,Regular season,Atlanta Dream,Chicago Sky,Gateway Center Arena @ College Park,Atlanta,GA,2562
2023,Tuesday,May,30,7:00 PM,Regular season,Connecticut Sun,Indiana Fever,Mohegan Sun Arena,Uncasville,CT,5317
2023,Tuesday,May,30,8:00 PM,Regular season,Dallas Wings,Minnesota Lynx,College Park Center,Arlington,TX,3484
2023,Tuesday,May,30,9:00 PM,Regular season,Seattle Storm,New York Liberty,Climate Pledge Arena,Seattle,WA,8340
2023,Thursday,June,1,8:00 PM,Regular season,Minnesota Lynx,Connecticut Sun,Target Center,Minneapolis,MN,8124
2023,Friday,June,2,7:00 PM,Regular season,Washington Mystics,Dallas Wings,Entertainment and Sports Arena,Washington,DC,3294
2023,Friday,June,2,8:00 PM,Regular season,Atlanta Dream,Las Vegas Aces,Gateway Center Arena @ College Park,Atlanta,GA,3209
2023,Friday,June,2,6:00 PM,Regular season,Chicago Sky,New York Liberty,Wintrust Arena,Chicago,IL,7188
2023,Friday,June,2,10:00 PM,Regular season,Phoenix Mercury,Los Angeles Sparks,Footprint Center,Phoenix,AZ,8815
2023,Saturday,June,3,7:00 PM,Regular season,Washington Mystics,Minnesota Lynx,Entertainment and Sports Arena,Washington,DC,3534
2023,Saturday,June,3,10:00 PM,Regular season,Los Angeles Sparks,Seattle Storm,Crypto.com Arena,Los Angeles,CA,6866
2023,Sunday,June,4,1:00 PM,Regular season,Connecticut Sun,Dallas Wings,Mohegan Sun Arena,Uncasville,CT,5012
2023,Sunday,June,4,2:00 PM,Regular season,New York Liberty,Chicago Sky,Barclays Center,Brooklyn,NY,7225
2023,Sunday,June,4,4:00 PM,Regular season,Indiana Fever,Las Vegas Aces,Gainbridge Fieldhouse,Indianapolis,IN,6131
2023,Tuesday,June,6,7:00 PM,Regular season,Connecticut Sun,Las Vegas Aces,Mohegan Sun Arena,Uncasville,CT,4368
2023,Tuesday,June,6,8:00 PM,Regular season,Chicago Sky,Indiana Fever,Wintrust Arena,Chicago,IL,5201
2023,Tuesday,June,6,10:00 PM,Regular season,Seattle Storm,Los Angeles Sparks,Climate Pledge Arena,Seattle,WA,7840
2023,Wednesday,June,7,8:00 PM,Regular season,Dallas Wings,Phoenix Mercury,College Park Center,Arlington,TX,4242
2023,Thursday,June,8,7:00 PM,Regular season,Connecticut Sun,Las Vegas Aces,Mohegan Sun Arena,Uncasville,CT,5147
2023,Friday,June,9,3:00 AM,Regular season,Atlanta Dream,New York Liberty,Gateway Center Arena @ College Park,Atlanta,GA,3209
2023,Friday,June,9,8:00 PM,Regular season,Dallas Wings,Phoenix Mercury,College Park Center,Arlington,TX,6251
2023,Friday,June,9,8:00 PM,Regular season,Minnesota Lynx,Indiana Fever,Target Center,Minneapolis,MN,8510
2023,Friday,June,9,10:00 PM,Regular season,Los Angeles Sparks,Chicago Sky,Crypto.com Arena,Los Angeles,CA,5431
2023,Friday,June,9,10:00 PM,Regular season,Seattle Storm,Washington Mystics,Climate Pledge Arena,Seattle,WA,8397
2023,Sunday,June,11,1:00 PM,Regular season,New York Liberty,Dallas Wings,Barclays Center,Brooklyn,NY,7615
2023,Sunday,June,11,3:00 PM,Regular season,Las Vegas Aces,Chicago Sky,Michelob ULTRA Arena,Las Vegas,NV,9786
2023,Sunday,June,11,4:00 PM,Regular season,Atlanta Dream,Connecticut Sun,Gateway Center Arena @ College Park,Atlanta,GA,2690
2023,Sunday,June,11,5:00 PM,Regular season,Indiana Fever,Phoenix Mercury,Gainbridge Fieldhouse,Indianapolis,IN,5013
2023,Sunday,June,11,3:00 PM,Regular season,Seattle Storm,Washington Mystics,Climate Pledge Arena,Seattle,WA,13213
2023,Sunday,June,11,7:00 PM,Regular season,Minnesota Lynx,Los Angeles Sparks,Target Center,Minneapolis,MN,8025
2023,Tuesday,June,13,7:00 PM,Regular season,Indiana Fever,Washington Mystics,Gainbridge Fieldhouse,Indianapolis,IN,3005
2023,Tuesday,June,13,8:00 PM,Regular season,New York Liberty,Atlanta Dream,Barclays Center,Brooklyn,NY,5719
2023,Tuesday,June,13,10:00 PM,Regular season,Phoenix Mercury,Seattle Storm,Footprint Center,Phoenix,AZ,7044
2023,Wednesday,June,14,1:00 PM,Regular season,Dallas Wings,Los Angeles Sparks,College Park Center,Arlington,TX,5807
2023,Thursday,June,15,7:00 PM,Regular season,Connecticut Sun,Atlanta Dream,Mohegan Sun Arena,Uncasville,CT,4316
2023,Thursday,June,15,8:00 PM,Regular season,Chicago Sky,Indiana Fever,Wintrust Arena,Chicago,IL,6323
2023,Thursday,June,15,10:00 PM,Regular season,Las Vegas Aces,Seattle Storm,Michelob ULTRA Arena,Las Vegas,NV,8518
2023,Friday,June,16,8:00 PM,Regular season,Washington Mystics,Phoenix Mercury,Entertainment and Sports Arena,Washington,DC,4200
2023,Friday,June,16,10:00 PM,Regular season,Los Angeles Sparks,Minnesota Lynx,Crypto.com Arena,Los Angeles,CA,5265
2023,Saturday,June,17,2:00 PM,Regular season,Dallas Wings,Seattle Storm,College Park Center,Arlington,TX,5020
2023,Sunday,June,18,12:00 PM,Regular season,New York Liberty,Phoenix Mercury,Barclays Center,Brooklyn,NY,9278
2023,Sunday,June,18,3:00 PM,Regular season,Washington Mystics,Chicago Sky,Entertainment and Sports Arena,Washington,DC,4009
2023,Sunday,June,18,4:00 PM,Regular season,Indiana Fever,Atlanta Dream,Gainbridge Fieldhouse,Indianapolis,IN,4024
2023,Sunday,June,18,3:00 AM,Regular season,Los Angeles Sparks,Connecticut Sun,Crypto.com Arena,Los Angeles,CA,6289
2023,Sunday,June,18,9:00 PM,Regular season,Las Vegas Aces,Minnesota Lynx,Michelob ULTRA Arena,Las Vegas,NV,8036
2023,Tuesday,June,20,8:00 PM,Regular season,Dallas Wings,Atlanta Dream,College Park Center,Arlington,TX,3392
2023,Tuesday,June,20,10:00 PM,Regular season,Los Angeles Sparks,Minnesota Lynx,Crypto.com Arena,Los Angeles,CA,4180
2023,Tuesday,June,20,10:00 PM,Regular season,Seattle Storm,Connecticut Sun,Climate Pledge Arena,Seattle,WA,7022
2023,Wednesday,June,21,11:00 AM,Regular season,Phoenix Mercury,Las Vegas Aces,Footprint Center,Phoenix,AZ,11580
2023,Thursday,June,22,8:00 PM,Regular season,Chicago Sky,Washington Mystics,Wintrust Arena,Chicago,IL,6158
2023,Thursday,June,22,8:00 PM,Regular season,Minnesota Lynx,Connecticut Sun,Target Center,Minneapolis,MN,7024
2023,Thursday,June,22,10:00 PM,Regular season,Seattle Storm,Indiana Fever,Climate Pledge Arena,Seattle,WA,7734
2023,Friday,June,23,3:00 AM,Regular season,Atlanta Dream,New York Liberty,Gateway Center Arena @ College Park,Atlanta,GA,3209
2023,Friday,June,23,10:00 PM,Regular season,Los Angeles Sparks,Dallas Wings,Crypto.com Arena,Los Angeles,CA,5766
2023,Saturday,June,24,9:00 PM,Regular season,Las Vegas Aces,Indiana Fever,Michelob ULTRA Arena,Las Vegas,NV,8310
2023,Saturday,June,24,9:00 PM,Regular season,Seattle Storm,Phoenix Mercury,Climate Pledge Arena,Seattle,WA,9122
2023,Sunday,June,25,1:00 PM,Regular season,Connecticut Sun,Chicago Sky,Mohegan Sun Arena,Uncasville,CT,6517
2023,Sunday,June,25,1:00 PM,Regular season,New York Liberty,Washington Mystics,Barclays Center,Brooklyn,NY,7285
2023,Sunday,June,25,3:00 PM,Regular season,Los Angeles Sparks,Dallas Wings,Crypto.com Arena,Los Angeles,CA,6380
2023,Monday,June,26,10:00 PM,Regular season,Las Vegas Aces,Indiana Fever,Michelob ULTRA Arena,Las Vegas,NV,8143
2023,Tuesday,June,27,7:00 PM,Regular season,Connecticut Sun,New York Liberty,Mohegan Sun Arena,Uncasville,CT,7344
2023,Tuesday,June,27,8:00 PM,Regular season,Minnesota Lynx,Seattle Storm,Target Center,Minneapolis,MN,7014
2023,Tuesday,June,27,10:00 PM,Regular season,Phoenix Mercury,Dallas Wings,Footprint Center,Phoenix,AZ,5652
2023,Wednesday,June,28,12:00 PM,Regular season,Chicago Sky,Los Angeles Sparks,Wintrust Arena,Chicago,IL,8810
2023,Wednesday,June,28,7:00 PM,Regular season,Washington Mystics,Atlanta Dream,Entertainment and Sports Arena,Washington,DC,3624
2023,Thursday,June,29,10:00 PM,Regular season,Las Vegas Aces,New York Liberty,Michelob ULTRA Arena,Las Vegas,NV,9587
2023,Thursday,June,29,10:00 PM,Regular season,Phoenix Mercury,Indiana Fever,Footprint Center,Phoenix,AZ,9047
2023,Thursday,June,29,10:00 PM,Regular season,Seattle Storm,Minnesota Lynx,Climate Pledge Arena,Seattle,WA,6894
2023,Friday,June,30,3:00 AM,Regular season,Atlanta Dream,Washington Mystics,Gateway Center Arena @ College Park,Atlanta,GA,3209
2023,Friday,June,30,8:00 PM,Regular season,Chicago Sky,Los Angeles Sparks,Wintrust Arena,Chicago,IL,7272
2023,Saturday,July,1,3:00 PM,Regular season,Las Vegas Aces,Connecticut Sun,Michelob ULTRA Arena,Las Vegas,NV,8596
2023,Saturday,July,1,10:00 PM,Regular season,Phoenix Mercury,Minnesota Lynx,Footprint Center,Phoenix,AZ,8777
2023,Sunday,July,2,3:00 PM,Regular season,Atlanta Dream,Los Angeles Sparks,Gateway Center Arena @ College Park,Atlanta,GA,3209
2023,Sunday,July,2,4:00 PM,Regular season,Indiana Fever,Chicago Sky,Gainbridge Fieldhouse,Indianapolis,IN,4004
2023,Sunday,July,2,3:00 PM,Regular season,Dallas Wings,Washington Mystics,College Park Center,Arlington,TX,4544
2023,Sunday,July,2,6:00 PM,Regular season,Seattle Storm,New York Liberty,Climate Pledge Arena,Seattle,WA,9110
2023,Wednesday,July,5,7:00 PM,Regular season,New York Liberty,Phoenix Mercury,Barclays Center,Brooklyn,NY,7151
2023,Wednesday,July,5,8:00 PM,Regular season,Minnesota Lynx,Indiana Fever,Target Center,Minneapolis,MN,7624
2023,Wednesday,July,5,10:00 PM,Regular season,Las Vegas Aces,Dallas Wings,Michelob ULTRA Arena,Las Vegas,NV,10177
2023,Wednesday,July,5,10:00 PM,Regular season,Los Angeles Sparks,Atlanta Dream,Crypto.com Arena,Los Angeles,CA,5912
2023,Thursday,July,6,7:00 PM,Regular season,Connecticut Sun,Seattle Storm,Mohegan Sun Arena,Uncasville,CT,5479
2023,Friday,July,7,7:00 PM,Regular season,Washington Mystics,Indiana Fever,Entertainment and Sports Arena,Washington,DC,4200
2023,Friday,July,7,8:00 PM,Regular season,Chicago Sky,Atlanta Dream,Wintrust Arena,Chicago,IL,7911
2023,Friday,July,7,8:00 PM,Regular season,Dallas Wings,Las Vegas Aces,College Park Center,Arlington,TX,6251
2023,Friday,July,7,8:00 PM,Regular season,Minnesota Lynx,Phoenix Mercury,Target Center,Minneapolis,MN,7714
2023,Saturday,July,8,2:00 PM,Regular season,New York Liberty,Seattle Storm,Barclays Center,Brooklyn,NY,6789
2023,Sunday,July,9,3:00 PM,Regular season,Connecticut Sun,Washington Mystics,Mohegan Sun Arena,Uncasville,CT,6558
2023,Sunday,July,9,4:00 PM,Regular season,Indiana Fever,Dallas Wings,Gainbridge Fieldhouse,Indianapolis,IN,3612
2023,Sunday,July,9,6:00 PM,Regular season,Phoenix Mercury,Los Angeles Sparks,Footprint Center,Phoenix,AZ,9206
2023,Sunday,July,9,7:00 PM,Regular season,Minnesota Lynx,Las Vegas Aces,Target Center,Minneapolis,MN,7701
2023,Sunday,July,9,8:00 PM,Regular season,Chicago Sky,Atlanta Dream,Wintrust Arena,Chicago,IL,7325
2023,Tuesday,July,11,7:00 PM,Regular season,Washington Mystics,Seattle Storm,Entertainment and Sports Arena,Washington,DC,3571
2023,Tuesday,July,11,10:00 PM,Regular season,Las Vegas Aces,Phoenix Mercury,Michelob ULTRA Arena,Las Vegas,NV,10281
2023,Wednesday,July,12,12:00 PM,Regular season,Indiana Fever,New York Liberty,Gainbridge Fieldhouse,Indianapolis,IN,6123
2023,Wednesday,July,12,12:00 PM,Regular season,Chicago Sky,Connecticut Sun,Wintrust Arena,Chicago,IL,9025
2023,Wednesday,July,12,1:00 PM,Regular season,Minnesota Lynx,Dallas Wings,Target Center,Minneapolis,MN,13531
2023,Wednesday,July,12,7:00 PM,Regular season,Atlanta Dream,Seattle Storm,Gateway Center Arena @ College Park,Atlanta,GA,2546
2023,Wednesday,July,12,10:00 PM,Regular season,Los Angeles Sparks,Las Vegas Aces,Crypto.com Arena,Los Angeles,CA,8085
2023,Tuesday,July,18,7:00 PM,Regular season,Atlanta Dream,Minnesota Lynx,Gateway Center Arena @ College Park,Atlanta,GA,2394
2023,Tuesday,July,18,10:00 PM,Regular season,Phoenix Mercury,Connecticut Sun,Footprint Center,Phoenix,AZ,7788
2023,Wednesday,July,19,7:00 AM,Regular season,Washington Mystics,Indiana Fever,Capital One Arena,Washington,DC,14406
2023,Wednesday,July,19,1:00 PM,Regular season,New York Liberty,Dallas Wings,Barclays Center,Brooklyn,NY,9012
2023,Thursday,July,20,7:00 AM,Regular season,Connecticut Sun,Atlanta Dream,Mohegan Sun Arena,Uncasville,CT,8054
2023,Thursday,July,20,8:00 PM,Regular season,Minnesota Lynx,Los Angeles Sparks,Target Center,Minneapolis,MN,7014
2023,Thursday,July,20,10:00 PM,Regular season,Phoenix Mercury,Chicago Sky,Footprint Center,Phoenix,AZ,11292
2023,Thursday,July,20,10:00 PM,Regular season,Seattle Storm,Las Vegas Aces,Climate Pledge Arena,Seattle,WA,7873
2023,Friday,July,21,7:00 PM,Regular season,Washington Mystics,New York Liberty,Entertainment and Sports Arena,Washington,DC,4200
2023,Saturday,July,22,1:00 PM,Regular season,Atlanta Dream,Connecticut Sun,Gateway Center Arena @ College Park,Atlanta,GA,3209
2023,Saturday,July,22,9:00 PM,Regular season,Seattle Storm,Chicago Sky,Climate Pledge Arena,Seattle,WA,8655
2023,Saturday,July,22,8:00 PM,Regular season,Dallas Wings,Los Angeles Sparks,College Park Center,Arlington,TX,5041
2023,Saturday,July,22,3:00 PM,Regular season,Minnesota Lynx,Las Vegas Aces,Target Center,Minneapolis,MN,7801
2023,Sunday,July,23,3:00 PM,Regular season,New York Liberty,Indiana Fever,Barclays Center,Brooklyn,NY,7371
2023,Sunday,July,23,1:00 PM,Regular season,Washington Mystics,Phoenix Mercury,Entertainment and Sports Arena,Washington,DC,4200
2023,Tuesday,July,25,7:00 PM,Regular season,Atlanta Dream,Phoenix Mercury,Gateway Center Arena @ College Park,Atlanta,GA,3209
2023,Tuesday,July,25,7:00 PM,Regular season,New York Liberty,Seattle Storm,Barclays Center,Brooklyn,NY,6118
2023,Tuesday,July,25,7:00 PM,Regular season,Chicago Sky,Las Vegas Aces,Wintrust Arena,Chicago,IL,9025
2023,Tuesday,July,25,8:00 PM,Regular season,Dallas Wings,Connecticut Sun,College Park Center,Arlington,TX,4222
2023,Tuesday,July,25,10:00 PM,Regular season,Los Angeles Sparks,Indiana Fever,Crypto.com Arena,Los Angeles,CA,5565
2023,Wednesday,July,26,8:00 PM,Regular season,Minnesota Lynx,Washington Mystics,Target Center,Minneapolis,MN,7024
2023,Thursday,July,27,11:00 AM,Regular season,Los Angeles Sparks,Indiana Fever,Crypto.com Arena,Los Angeles,CA,11970
2023,Thursday,July,27,7:00 PM,Regular season,New York Liberty,Atlanta Dream,Barclays Center,Brooklyn,NY,6206
2023,Friday,July,28,8:00 PM,Regular season,Chicago Sky,Seattle Storm,Wintrust Arena,Chicago,IL,7213
2023,Friday,July,28,8:00 PM,Regular season,Dallas Wings,Washington Mystics,College Park Center,Arlington,TX,4048
2023,Sunday,July,30,1:00 PM,Regular season,Connecticut Sun,Minnesota Lynx,Mohegan Sun Arena,Uncasville,CT,8275
2023,Sunday,July,30,3:00 PM,Regular season,Atlanta Dream,Washington Mystics,Gateway Center Arena @ College Park,Atlanta,GA,3209
2023,Sunday,July,30,4:00 PM,Regular season,Indiana Fever,Seattle Storm,Gainbridge Fieldhouse,Indianapolis,IN,5196
2023,Sunday,July,30,4:00 PM,Regular season,Chicago Sky,Phoenix Mercury,Wintrust Arena,Chicago,IL,8914
2023,Sunday,July,30,6:00 PM,Regular season,Las Vegas Aces,Dallas Wings,Michelob ULTRA Arena,Las Vegas,NV,10213
2023,Sunday,July,30,4:00 PM,Regular season,Los Angeles Sparks,New York Liberty,Crypto.com Arena,Los Angeles,CA,8139
2023,Tuesday,August,1,7:00 PM,Regular season,Connecticut Sun,Minnesota Lynx,Mohegan Sun Arena,Uncasville,CT,4894
2023,Tuesday,August,1,7:00 PM,Regular season,Indiana Fever,Phoenix Mercury,Gainbridge Fieldhouse,Indianapolis,IN,3018
2023,Tuesday,August,1,10:00 PM,Regular season,Las Vegas Aces,Atlanta Dream,Michelob ULTRA Arena,Las Vegas,NV,8366
2023,Tuesday,August,1,10:00 PM,Regular season,Los Angeles Sparks,New York Liberty,Crypto.com Arena,Los Angeles,CA,6498
2023,Wednesday,August,2,6:00 AM,Regular season,Seattle Storm,Dallas Wings,Climate Pledge Arena,Seattle,WA,7421
2023,Thursday,August,3,10:00 PM,Regular season,Phoenix Mercury,Atlanta Dream,Footprint Center,Phoenix,AZ,7564
2023,Friday,August,4,7:00 PM,Regular season,Indiana Fever,Connecticut Sun,Gainbridge Fieldhouse,Indianapolis,IN,3498
2023,Friday,August,4,7:00 PM,Regular season,Washington Mystics,Los Angeles Sparks,Entertainment and Sports Arena,Washington,DC,3747
2023,Friday,August,4,8:00 PM,Regular season,Dallas Wings,Chicago Sky,College Park Center,Arlington,TX,3762
2023,Friday,August,4,8:00 PM,Regular season,Minnesota Lynx,New York Liberty,Target Center,Minneapolis,MN,7631
2023,Saturday,August,5,10:00 PM,Regular season,Phoenix Mercury,Seattle Storm,Footprint Center,Phoenix,AZ,9411
2023,Sunday,August,6,3:00 PM,Regular season,Atlanta Dream,Indiana Fever,Gateway Center Arena @ College Park,Atlanta,GA,3209
2023,Sunday,August,6,3:00 PM,Regular season,New York Liberty,Las Vegas Aces,Barclays Center,Brooklyn,NY,11418
2023,Sunday,August,6,3:00 PM,Regular season,Washington Mystics,Los Angeles Sparks,Entertainment and Sports Arena,Washington,DC,4073
2023,Sunday,August,6,4:00 PM,Regular season,Dallas Wings,Chicago Sky,College Park Center,Arlington,TX,4057
2023,Tuesday,August,8,3:00 PM,Regular season,Seattle Storm,Connecticut Sun,Climate Pledge Arena,Seattle,WA,10212
2023,Tuesday,August,8,7:00 PM,Regular season,Indiana Fever,Los Angeles Sparks,Gainbridge Fieldhouse,Indianapolis,IN,3006
2023,Tuesday,August,8,8:00 PM,Regular season,Chicago Sky,Minnesota Lynx,Wintrust Arena,Chicago,IL,5099
2023,Tuesday,August,8,8:00 PM,Regular season,Dallas Wings,Las Vegas Aces,College Park Center,Arlington,TX,5193
2023,Tuesday,August,8,10:00 PM,Regular season,Phoenix Mercury,Washington Mystics,Footprint Center,Phoenix,AZ,6610
2023,Thursday,August,10,7:00 PM,Regular season,Indiana Fever,Minnesota Lynx,Gainbridge Fieldhouse,Indianapolis,IN,2551
2023,Thursday,August,10,10:00 PM,Regular season,Phoenix Mercury,Connecticut Sun,Footprint Center,Phoenix,AZ,7186
2023,Thursday,August,10,10:00 PM,Regular season,Seattle Storm,Atlanta Dream,Climate Pledge Arena,Seattle,WA,7649
2023,Friday,August,11,8:00 PM,Regular season,New York Liberty,Chicago Sky,Barclays Center,Brooklyn,NY,8070
2023,Friday,August,11,10:00 PM,Regular season,Las Vegas Aces,Washington Mystics,Michelob ULTRA Arena,Las Vegas,NV,9364
2023,Saturday,August,12,3:00 AM,Regular season,Los Angeles Sparks,Atlanta Dream,Crypto.com Arena,Los Angeles,CA,7119
2023,Saturday,August,12,8:00 PM,Regular season,Dallas Wings,Connecticut Sun,College Park Center,Arlington,TX,4179
2023,Sunday,August,13,3:00 PM,Regular season,Washington Mystics,Chicago Sky,Entertainment and Sports Arena,Washington,DC,3796
2023,Sunday,August,13,6:00 PM,Regular season,Seattle Storm,Phoenix Mercury,Climate Pledge Arena,Seattle,WA,10107
2023,Sunday,August,13,3:00 PM,Regular season,Indiana Fever,New York Liberty,Gainbridge Fieldhouse,Indianapolis,IN,5019
2023,Sunday,August,13,9:00 PM,Regular season,Las Vegas Aces,Atlanta Dream,Michelob ULTRA Arena,Las Vegas,NV,8564
2023,Thursday,August,17,10:00 PM,Regular season,Las Vegas Aces,New York Liberty,Michelob ULTRA Arena,Las Vegas,NV,9230
2023,Friday,August,18,7:00 PM,Regular season,Connecticut Sun,Dallas Wings,Mohegan Sun Arena,Uncasville,CT,6584
2023,Friday,August,18,7:00 PM,Regular season,Indiana Fever,Washington Mystics,Gainbridge Fieldhouse,Indianapolis,IN,3506
2023,Friday,August,18,3:00 AM,Regular season,Atlanta Dream,Chicago Sky,Gateway Center Arena @ College Park,Atlanta,GA,2957
2023,Friday,August,18,10:00 PM,Regular season,Phoenix Mercury,New York Liberty,Footprint Center,Phoenix,AZ,9652
2023,Friday,August,18,10:00 PM,Regular season,Seattle Storm,Minnesota Lynx,Climate Pledge Arena,Seattle,WA,8865
2023,Saturday,August,19,3:00 PM,Regular season,Las Vegas Aces,Los Angeles Sparks,Michelob ULTRA Arena,Las Vegas,NV,10348
2023,Sunday,August,20,3:00 PM,Regular season,Washington Mystics,Dallas Wings,Entertainment and Sports Arena,Washington,DC,4200
2023,Sunday,August,20,5:00 PM,Regular season,Chicago Sky,Connecticut Sun,Wintrust Arena,Chicago,IL,6901
2023,Sunday,August,20,6:00 PM,Regular season,Phoenix Mercury,Indiana Fever,Footprint Center,Phoenix,AZ,11807
2023,Sunday,August,20,7:00 PM,Regular season,Minnesota Lynx,Seattle Storm,Target Center,Minneapolis,MN,6525
2023,Tuesday,August,22,7:00 PM,Regular season,Atlanta Dream,Las Vegas Aces,Gateway Center Arena @ College Park,Atlanta,GA,3209
2023,Tuesday,August,22,7:00 PM,Regular season,Washington Mystics,Connecticut Sun,Entertainment and Sports Arena,Washington,DC,3058
2023,Tuesday,August,22,8:00 PM,Regular season,Chicago Sky,Seattle Storm,Wintrust Arena,Chicago,IL,4822
2023,Tuesday,August,22,8:00 PM,Regular season,Minnesota Lynx,Dallas Wings,Target Center,Minneapolis,MN,6921
2023,Wednesday,August,23,10:00 PM,Regular season,Los Angeles Sparks,Phoenix Mercury,Galen Center,Los Angeles,CA,3469
2023,Thursday,August,24,7:00 PM,Regular season,Connecticut Sun,New York Liberty,Mohegan Sun Arena,Uncasville,CT,9168
2023,Thursday,August,24,7:00 PM,Regular season,Indiana Fever,Seattle Storm,Gainbridge Fieldhouse,Indianapolis,IN,2644
2023,Thursday,August,24,8:00 PM,Regular season,Chicago Sky,Las Vegas Aces,Wintrust Arena,Chicago,IL,8084
2023,Thursday,August,24,8:00 PM,Regular season,Dallas Wings,Minnesota Lynx,College Park Center,Arlington,TX,3931
2023,Friday,August,25,8:00 PM,Regular season,Atlanta Dream,Los Angeles Sparks,Gateway Center Arena @ College Park,Atlanta,GA,2957
2023,Saturday,August,26,7:00 PM,Regular season,Washington Mystics,Las Vegas Aces,Entertainment and Sports Arena,Washington,DC,4200
2023,Saturday,August,26,8:00 PM,Regular season,Minnesota Lynx,New York Liberty,Target Center,Minneapolis,MN,7101
2023,Sunday,August,27,1:00 PM,Regular season,Connecticut Sun,Los Angeles Sparks,Mohegan Sun Arena,Uncasville,CT,6783
2023,Sunday,August,27,4:00 PM,Regular season,Indiana Fever,Atlanta Dream,Gainbridge Fieldhouse,Indianapolis,IN,4034
2023,Sunday,August,27,6:00 PM,Regular season,Phoenix Mercury,Dallas Wings,Footprint Center,Phoenix,AZ,12163
2023,Sunday,August,27,6:00 PM,Regular season,Seattle Storm,Chicago Sky,Climate Pledge Arena,Seattle,WA,9893
2023,Monday,August,28,7:00 PM,Regular season,New York Liberty,Las Vegas Aces,Barclays Center,Brooklyn,NY,11615
2023,Tuesday,August,29,7:00 PM,Regular season,Atlanta Dream,Phoenix Mercury,Gateway Center Arena @ College Park,Atlanta,GA,2785
2023,Tuesday,August,29,7:00 PM,Regular season,Washington Mystics,Minnesota Lynx,Entertainment and Sports Arena,Washington,DC,3708
2023,Tuesday,August,29,6:00 AM,Regular season,Los Angeles Sparks,Chicago Sky,Crypto.com Arena,Los Angeles,CA,6041
2023,Thursday,August,31,7:00 PM,Regular season,Connecticut Sun,Phoenix Mercury,Mohegan Sun Arena,Uncasville,CT,7794
2023,Thursday,August,31,10:00 PM,Regular season,Las Vegas Aces,Washington Mystics,Michelob ULTRA Arena,Las Vegas,NV,8619
2023,Thursday,August,31,10:00 PM,Regular season,Los Angeles Sparks,Seattle Storm,Crypto.com Arena,Los Angeles,CA,6101
2023,Friday,September,1,7:00 PM,Regular season,Indiana Fever,Dallas Wings,Gainbridge Fieldhouse,Indianapolis,IN,3137
2023,Friday,September,1,8:00 PM,Regular season,New York Liberty,Connecticut Sun,Barclays Center,Brooklyn,NY,8276
2023,Friday,September,1,8:00 PM,Regular season,Minnesota Lynx,Atlanta Dream,Target Center,Minneapolis,MN,7114
2023,Saturday,September,2,9:00 PM,Regular season,Las Vegas Aces,Seattle Storm,Michelob ULTRA Arena,Las Vegas,NV,9319
2023,Sunday,September,3,3:00 PM,Regular season,Chicago Sky,New York Liberty,Wintrust Arena,Chicago,IL,8223
2023,Sunday,September,3,4:00 PM,Regular season,Dallas Wings,Indiana Fever,College Park Center,Arlington,TX,5058
2023,Sunday,September,3,7:00 PM,Regular season,Minnesota Lynx,Phoenix Mercury,Target Center,Minneapolis,MN,7314
2023,Sunday,September,3,3:00 AM,Regular season,Los Angeles Sparks,Washington Mystics,Galen Center,Los Angeles,CA,4284
2023,Tuesday,September,5,7:00 PM,Regular season,Connecticut Sun,Los Angeles Sparks,Mohegan Sun Arena,Uncasville,CT,4783
2023,Tuesday,September,5,7:00 PM,Regular season,Indiana Fever,Chicago Sky,Gainbridge Fieldhouse,Indianapolis,IN,2450
2023,Tuesday,September,5,8:00 PM,Regular season,Dallas Wings,New York Liberty,College Park Center,Arlington,TX,4195
2023,Tuesday,September,5,10:00 PM,Regular season,Phoenix Mercury,Washington Mystics,Footprint Center,Phoenix,AZ,7038
2023,Wednesday,September,6,7:00 PM,Regular season,Atlanta Dream,Seattle Storm,Gateway Center Arena @ College Park,Atlanta,GA,2731
2023,Thursday,September,7,7:00 PM,Regular season,New York Liberty,Los Angeles Sparks,Barclays Center,Brooklyn,NY,6275
2023,Friday,September,8,7:00 PM,Regular season,Connecticut Sun,Indiana Fever,Mohegan Sun Arena,Uncasville,CT,5064
2023,Friday,September,8,7:00 PM,Regular season,Washington Mystics,Atlanta Dream,Entertainment and Sports Arena,Washington,DC,4210
2023,Friday,September,8,8:00 PM,Regular season,Chicago Sky,Minnesota Lynx,Wintrust Arena,Chicago,IL,7994
2023,Friday,September,8,8:00 PM,Regular season,Dallas Wings,Seattle Storm,College Park Center,Arlington,TX,4546
2023,Friday,September,8,10:00 PM,Regular season,Phoenix Mercury,Las Vegas Aces,Footprint Center,Phoenix,AZ,13206
2023,Sunday,September,10,1:00 PM,Regular season,Atlanta Dream,Dallas Wings,Gateway Center Arena @ College Park,Atlanta,GA,3207
2023,Sunday,September,10,1:00 PM,Regular season,Connecticut Sun,Chicago Sky,Mohegan Sun Arena,Uncasville,CT,6377
2023,Sunday,September,10,1:00 PM,Regular season,Indiana Fever,Minnesota Lynx,Gainbridge Fieldhouse,Indianapolis,IN,4009
2023,Sunday,September,10,1:00 PM,Regular season,New York Liberty,Washington Mystics,Barclays Center,Brooklyn,NY,8306
2023,Sunday,September,10,3:00 PM,Regular season,Las Vegas Aces,Phoenix Mercury,T-Mobile Arena,Las Vegas,NV,17406
2023,Sunday,September,10,3:00 PM,Regular season,Seattle Storm,Los Angeles Sparks,Climate Pledge Arena,Seattle,WA,10728
2023,Friday,July,28,8:00 PM,Regular season,New York Liberty,Minnesota Lynx,Barclays Center,Brooklyn,NY,6129
2023,Saturday,July,15,4:00 AM,All star,Team Wilson,Team Stewart,Michelob ULTRA Arena,Las Vegas,NV,9472
2023,Wednesday,September,13,8:00 PM,First Round,Connecticut Sun,Minnesota Lynx,Mohegan Sun Arena,Uncasville,CT,5056
2023,Wednesday,September,13,10:00 PM,First Round,Las Vegas Aces,Chicago Sky,T-Mobile Arena,Las Vegas,NV,12927
2023,Friday,September,15,3:00 AM,First Round,New York Liberty,Washington Mystics,Barclays Center,Brooklyn,NY,8789
2023,Friday,September,15,5:00 AM,First Round,Dallas Wings,Atlanta Dream,College Park Center,Arlington,TX,5053
2023,Sunday,September,17,1:00 PM,First Round,Connecticut Sun,Minnesota Lynx,Mohegan Sun Arena,Uncasville,CT,6673
2023,Sunday,September,17,3:00 PM,First Round,Las Vegas Aces,Chicago Sky,Michelob ULTRA Arena,Las Vegas,NV,9000
2023,Tuesday,September,19,7:00 PM,First Round,New York Liberty,Washington Mystics,Barclays Center,Brooklyn,NY,9256
2023,Tuesday,September,19,9:00 PM,First Round,Dallas Wings,Atlanta Dream,College Park Center,Arlington,TX,4798
2023,Wednesday,September,20,8:00 PM,First Round,Minnesota Lynx,Connecticut Sun,Target Center,Minneapolis,MN,8724
2023,Sunday,September,24,5:00 PM,Semifinals,Las Vegas Aces,Dallas Wings,Michelob ULTRA Arena,Las Vegas,NV,9784
2023,Tuesday,September,26,10:00 PM,Semifinals,Las Vegas Aces,Dallas Wings,Michelob ULTRA Arena,Las Vegas,NV,9286
2023,Friday,September,29,5:00 AM,Semifinals,Dallas Wings,Las Vegas Aces,College Park Center,Arlington,TX,6251
2023,Sunday,September,24,1:00 PM,Semifinals,New York Liberty,Connecticut Sun,Barclays Center,Brooklyn,NY,9442
2023,Tuesday,September,26,8:00 PM,Semifinals,New York Liberty,Connecticut Sun,Barclays Center,Brooklyn,NY,10009
2023,Friday,September,29,3:00 AM,Semifinals,Connecticut Sun,New York Liberty,Mohegan Sun Arena,Uncasville,CT,9162
2023,Sunday,October,1,3:00 PM,Semifinals,Connecticut Sun,New York Liberty,Mohegan Sun Arena,Uncasville,CT,8196
2023,Sunday,October,8,3:00 PM,Finals,Las Vegas Aces,New York Liberty,Michelob ULTRA Arena,Las Vegas,NV,10300
2023,Wednesday,October,11,9:00 PM,Finals,Las Vegas Aces,New York Liberty,Michelob ULTRA Arena,Las Vegas,NV,10232
2023,Sunday,October,15,3:00 PM,Finals,New York Liberty,Las Vegas Aces,Barclays Center,Brooklyn,NY,17143
2023,Wednesday,October,18,8:00 PM,Finals,New York Liberty,Las Vegas Aces,Barclays Center,Brooklyn,NY,16851
2024,Tuesday,May,14,7:00 PM,Regular season,Washington Mystics,New York Liberty,Entertainment and Sports Arena,Washington,DC,4200
2024,Tuesday,May,14,3:00 AM,Regular season,Connecticut Sun,Indiana Fever,Mohegan Sun Arena,Uncasville,CT,8910
2024,Tuesday,May,14,10:00 PM,Regular season,Las Vegas Aces,Phoenix Mercury,Michelob ULTRA Arena,Las Vegas,NV,10419
2024,Tuesday,May,14,10:00 PM,Regular season,Seattle Storm,Minnesota Lynx,Climate Pledge Arena,Seattle,WA,8508
2024,Wednesday,May,15,8:00 PM,Regular season,Dallas Wings,Chicago Sky,College Park Center,Arlington,TX,6251
2024,Wednesday,May,15,10:00 PM,Regular season,Los Angeles Sparks,Atlanta Dream,Walter Pyramid at Long Beach State,Long Beach,CA,3847
2024,Thursday,May,16,7:00 PM,Regular season,Indiana Fever,New York Liberty,Gainbridge Fieldhouse,Indianapolis,IN,17274
2024,Friday,May,17,3:00 AM,Regular season,Connecticut Sun,Washington Mystics,Mohegan Sun Arena,Uncasville,CT,6874
2024,Friday,May,17,5:00 AM,Regular season,Minnesota Lynx,Seattle Storm,Target Center,Minneapolis,MN,7208
2024,Saturday,May,18,1:00 PM,Regular season,New York Liberty,Indiana Fever,Barclays Center,Brooklyn,NY,17735
2024,Saturday,May,18,3:00 PM,Regular season,Las Vegas Aces,Los Angeles Sparks,Michelob ULTRA Arena,Las Vegas,NV,10286
2024,Saturday,May,18,8:00 PM,Regular season,Dallas Wings,Chicago Sky,College Park Center,Arlington,TX,6251
2024,Saturday,May,18,10:00 PM,Regular season,Phoenix Mercury,Atlanta Dream,Footprint Center,Phoenix,AZ,10251
2024,Sunday,May,19,3:00 PM,Regular season,Washington Mystics,Seattle Storm,Entertainment and Sports Arena,Washington,DC,4200
2024,Monday,May,20,7:00 PM,Regular season,Indiana Fever,Connecticut Sun,Gainbridge Fieldhouse,Indianapolis,IN,17274
2024,Monday,May,20,7:00 PM,Regular season,New York Liberty,Seattle Storm,Barclays Center,Brooklyn,NY,9381
2024,Tuesday,May,21,3:00 AM,Regular season,Atlanta Dream,Dallas Wings,Gateway Center Arena @ College Park,Atlanta,GA,3265
2024,Tuesday,May,21,10:00 PM,Regular season,Las Vegas Aces,Phoenix Mercury,Michelob ULTRA Arena,Las Vegas,NV,10374
2024,Tuesday,May,21,10:00 PM,Regular season,Los Angeles Sparks,Washington Mystics,Walter Pyramid at Long Beach State,Long Beach,CA,3627
2024,Wednesday,May,22,10:00 PM,Regular season,Seattle Storm,Indiana Fever,Climate Pledge Arena,Seattle,WA,18343
2024,Thursday,May,23,7:00 PM,Regular season,Connecticut Sun,Minnesota Lynx,Mohegan Sun Arena,Uncasville,CT,6152
2024,Thursday,May,23,7:00 PM,Regular season,New York Liberty,Chicago Sky,Barclays Center,Brooklyn,NY,12049
2024,Thursday,May,23,10:00 PM,Regular season,Phoenix Mercury,Washington Mystics,Footprint Center,Phoenix,AZ,7474
2024,Friday,May,24,10:00 PM,Regular season,Los Angeles Sparks,Indiana Fever,Crypto.com Arena,Los Angeles,CA,19103
2024,Saturday,May,25,1:00 PM,Regular season,Minnesota Lynx,New York Liberty,Target Center,Minneapolis,MN,7010
2024,Saturday,May,25,8:00 PM,Regular season,Chicago Sky,Connecticut Sun,Wintrust Arena,Chicago,IL,9025
2024,Saturday,May,25,9:00 PM,Regular season,Las Vegas Aces,Indiana Fever,Michelob ULTRA Arena,Las Vegas,NV,10399
2024,Saturday,May,25,9:00 PM,Regular season,Seattle Storm,Washington Mystics,Climate Pledge Arena,Seattle,WA,8846
2024,Saturday,May,25,10:00 PM,Regular season,Phoenix Mercury,Dallas Wings,Footprint Center,Phoenix,AZ,8339
2024,Sunday,May,26,6:00 PM,Regular season,Atlanta Dream,Minnesota Lynx,Gateway Center Arena @ College Park,Atlanta,GA,3265
2024,Sunday,May,26,9:00 PM,Regular season,Los Angeles Sparks,Dallas Wings,Crypto.com Arena,Los Angeles,CA,10340
2024,Tuesday,May,28,7:00 PM,Regular season,Connecticut Sun,Phoenix Mercury,Mohegan Sun Arena,Uncasville,CT,6489
2024,Tuesday,May,28,7:00 PM,Regular season,Indiana Fever,Los Angeles Sparks,Gainbridge Fieldhouse,Indianapolis,IN,16013
2024,Tuesday,May,28,8:00 PM,Regular season,Chicago Sky,Seattle Storm,Wintrust Arena,Chicago,IL,7807
2024,Wednesday,May,29,7:00 PM,Regular season,New York Liberty,Phoenix Mercury,Barclays Center,Brooklyn,NY,9182
2024,Wednesday,May,29,7:00 PM,Regular season,Washington Mystics,Atlanta Dream,Entertainment and Sports Arena,Washington,DC,4200
2024,Wednesday,May,29,8:00 PM,Regular season,Minnesota Lynx,Las Vegas Aces,Target Center,Minneapolis,MN,7409
2024,Thursday,May,30,7:00 PM,Regular season,Indiana Fever,Seattle Storm,Gainbridge Fieldhouse,Indianapolis,IN,15022
2024,Thursday,May,30,8:00 PM,Regular season,Chicago Sky,Los Angeles Sparks,Wintrust Arena,Chicago,IL,7911
2024,Friday,May,31,3:00 AM,Regular season,Atlanta Dream,Las Vegas Aces,Gateway Center Arena @ College Park,Atlanta,GA,4015
2024,Friday,May,31,3:00 AM,Regular season,Connecticut Sun,Dallas Wings,Mohegan Sun Arena,Uncasville,CT,7638
2024,Friday,May,31,3:00 AM,Regular season,New York Liberty,Washington Mystics,Barclays Center,Brooklyn,NY,9878
2024,Friday,May,31,5:00 AM,Regular season,Minnesota Lynx,Phoenix Mercury,Target Center,Minneapolis,MN,7035
2024,Saturday,June,1,12:00 PM,Regular season,Indiana Fever,Chicago Sky,Gainbridge Fieldhouse,Indianapolis,IN,17274
2024,Sunday,June,2,3:00 PM,Regular season,Atlanta Dream,Connecticut Sun,Gateway Center Arena @ College Park,Atlanta,GA,3265
2024,Sunday,June,2,7:00 PM,Regular season,New York Liberty,Indiana Fever,Barclays Center,Brooklyn,NY,17401
2024,Sunday,June,2,7:00 PM,Regular season,Minnesota Lynx,Dallas Wings,Target Center,Minneapolis,MN,7024
2024,Sunday,June,2,6:00 PM,Regular season,Phoenix Mercury,Los Angeles Sparks,Footprint Center,Phoenix,AZ,10207
2024,Tuesday,June,4,7:00 PM,Regular season,Connecticut Sun,Washington Mystics,Mohegan Sun Arena,Uncasville,CT,5346
2024,Tuesday,June,4,8:00 PM,Regular season,Chicago Sky,New York Liberty,Wintrust Arena,Chicago,IL,8277
2024,Tuesday,June,4,10:00 PM,Regular season,Seattle Storm,Phoenix Mercury,Climate Pledge Arena,Seattle,WA,8133
2024,Wednesday,June,5,8:00 PM,Regular season,Dallas Wings,Las Vegas Aces,College Park Center,Arlington,TX,6251
2024,Wednesday,June,5,10:00 PM,Regular season,Los Angeles Sparks,Minnesota Lynx,Crypto.com Arena,Los Angeles,CA,8104
2024,Thursday,June,6,7:00 PM,Regular season,Washington Mystics,Chicago Sky,Capital One Arena,Washington,DC,10000
2024,Thursday,June,6,3:00 AM,Regular season,Atlanta Dream,New York Liberty,Gateway Center Arena @ College Park,Atlanta,GA,3255
2024,Friday,June,7,3:00 AM,Regular season,Washington Mystics,Indiana Fever,Capital One Arena,Washington,DC,20333
2024,Friday,June,7,10:00 PM,Regular season,Las Vegas Aces,Seattle Storm,Michelob ULTRA Arena,Las Vegas,NV,10380
2024,Friday,June,7,10:00 PM,Regular season,Los Angeles Sparks,Dallas Wings,Crypto.com Arena,Los Angeles,CA,10123
2024,Friday,June,7,10:00 PM,Regular season,Phoenix Mercury,Minnesota Lynx,Footprint Center,Phoenix,AZ,9052
2024,Saturday,June,8,1:00 PM,Regular season,Connecticut Sun,New York Liberty,Mohegan Sun Arena,Uncasville,CT,8910
2024,Saturday,June,8,5:00 PM,Regular season,Chicago Sky,Atlanta Dream,Wintrust Arena,Chicago,IL,8804
2024,Sunday,June,9,3:00 PM,Regular season,New York Liberty,Washington Mystics,Barclays Center,Brooklyn,NY,12477
2024,Sunday,June,9,4:00 PM,Regular season,Dallas Wings,Phoenix Mercury,College Park Center,Arlington,TX,5568
2024,Sunday,June,9,7:00 PM,Regular season,Minnesota Lynx,Seattle Storm,Target Center,Minneapolis,MN,7121
2024,Sunday,June,9,9:00 PM,Regular season,Los Angeles Sparks,Las Vegas Aces,Crypto.com Arena,Los Angeles,CA,13900
2024,Monday,June,10,7:00 PM,Regular season,Connecticut Sun,Indiana Fever,Mohegan Sun Arena,Uncasville,CT,8910
2024,Tuesday,June,11,3:00 AM,Regular season,Atlanta Dream,Washington Mystics,Gateway Center Arena @ College Park,Atlanta,GA,3260
2024,Tuesday,June,11,10:00 PM,Regular season,Las Vegas Aces,Minnesota Lynx,Michelob ULTRA Arena,Las Vegas,NV,10368
2024,Tuesday,June,11,10:00 PM,Regular season,Seattle Storm,Los Angeles Sparks,Climate Pledge Arena,Seattle,WA,8202
2024,Wednesday,June,12,8:00 PM,Regular season,Chicago Sky,Connecticut Sun,Wintrust Arena,Chicago,IL,7815
2024,Thursday,June,13,7:00 PM,Regular season,Indiana Fever,Atlanta Dream,Gainbridge Fieldhouse,Indianapolis,IN,16651
2024,Thursday,June,13,7:00 PM,Regular season,Dallas Wings,Seattle Storm,College Park Center,Arlington,TX,5568
2024,Thursday,June,13,10:00 PM,Regular season,Phoenix Mercury,Las Vegas Aces,Footprint Center,Phoenix,AZ,9325
2024,Friday,June,14,3:00 AM,Regular season,Washington Mystics,Chicago Sky,Entertainment and Sports Arena,Washington,DC,4200
2024,Friday,June,14,3:00 AM,Regular season,Minnesota Lynx,Los Angeles Sparks,Target Center,Minneapolis,MN,8117
2024,Saturday,June,15,1:00 PM,Regular season,Dallas Wings,Connecticut Sun,College Park Center,Arlington,TX,5977
2024,Saturday,June,15,3:00 PM,Regular season,Las Vegas Aces,New York Liberty,Michelob ULTRA Arena,Las Vegas,NV,10424
2024,Sunday,June,16,3:00 PM,Regular season,Phoenix Mercury,Seattle Storm,Footprint Center,Phoenix,AZ,9444
2024,Sunday,June,16,12:00 PM,Regular season,Indiana Fever,Chicago Sky,Gainbridge Fieldhouse,Indianapolis,IN,17274
2024,Sunday,June,16,3:00 PM,Regular season,Atlanta Dream,Los Angeles Sparks,Gateway Center Arena @ College Park,Atlanta,GA,3260
2024,Monday,June,17,8:00 PM,Regular season,Minnesota Lynx,Dallas Wings,Target Center,Minneapolis,MN,8314
2024,Tuesday,June,18,7:00 PM,Regular season,Connecticut Sun,Los Angeles Sparks,Mohegan Sun Arena,Uncasville,CT,7853
2024,Tuesday,June,18,10:00 PM,Regular season,Phoenix Mercury,New York Liberty,Footprint Center,Phoenix,AZ,9824
2024,Wednesday,June,19,7:00 PM,Regular season,Indiana Fever,Washington Mystics,Gainbridge Fieldhouse,Indianapolis,IN,17274
2024,Wednesday,June,19,8:00 PM,Regular season,Minnesota Lynx,Atlanta Dream,Target Center,Minneapolis,MN,8206
2024,Wednesday,June,19,10:00 PM,Regular season,Las Vegas Aces,Seattle Storm,Michelob ULTRA Arena,Las Vegas,NV,10380
2024,Thursday,June,20,12:00 PM,Regular season,Chicago Sky,Dallas Wings,Wintrust Arena,Chicago,IL,9025
2024,Thursday,June,20,7:00 PM,Regular season,New York Liberty,Los Angeles Sparks,Barclays Center,Brooklyn,NY,10955
2024,Friday,June,21,3:00 AM,Regular season,Atlanta Dream,Indiana Fever,State Farm Arena,Atlanta,GA,17575
2024,Friday,June,21,10:00 PM,Regular season,Las Vegas Aces,Connecticut Sun,Michelob ULTRA Arena,Las Vegas,NV,10385
2024,Saturday,June,22,3:00 PM,Regular season,Washington Mystics,Dallas Wings,Entertainment and Sports Arena,Washington,DC,4200
2024,Saturday,June,22,3:00 PM,Regular season,New York Liberty,Los Angeles Sparks,Barclays Center,Brooklyn,NY,13639
2024,Saturday,June,22,8:00 PM,Regular season,Minnesota Lynx,Phoenix Mercury,Target Center,Minneapolis,MN,8769
2024,Sunday,June,23,3:00 PM,Regular season,Atlanta Dream,New York Liberty,Gateway Center Arena @ College Park,Atlanta,GA,3260
2024,Sunday,June,23,3:00 PM,Regular season,Washington Mystics,Dallas Wings,Entertainment and Sports Arena,Washington,DC,4200
2024,Sunday,June,23,4:00 PM,Regular season,Chicago Sky,Indiana Fever,Wintrust Arena,Chicago,IL,9872
2024,Sunday,June,23,3:00 PM,Regular season,Seattle Storm,Connecticut Sun,Climate Pledge Arena,Seattle,WA,9935
2024,Thursday,June,27,1:00 PM,Regular season,Dallas Wings,Minnesota Lynx,College Park Center,Arlington,TX,6251
2024,Thursday,June,27,7:00 PM,Regular season,Washington Mystics,Connecticut Sun,Entertainment and Sports Arena,Washington,DC,4200
2024,Thursday,June,27,7:00 PM,Regular season,Chicago Sky,Las Vegas Aces,Wintrust Arena,Chicago,IL,9025
2024,Thursday,June,27,10:00 PM,Regular season,Seattle Storm,Indiana Fever,Climate Pledge Arena,Seattle,WA,18343
2024,Friday,June,28,3:00 AM,Regular season,Connecticut Sun,Atlanta Dream,Mohegan Sun Arena,Uncasville,CT,7008
2024,Friday,June,28,10:00 PM,Regular season,Phoenix Mercury,Los Angeles Sparks,Footprint Center,Phoenix,AZ,14363
2024,Saturday,June,29,2:00 PM,Regular season,Washington Mystics,Las Vegas Aces,Entertainment and Sports Arena,Washington,DC,4200
2024,Saturday,June,29,9:00 PM,Regular season,Seattle Storm,Dallas Wings,Climate Pledge Arena,Seattle,WA,9080
2024,Sunday,June,30,1:00 PM,Regular season,New York Liberty,Atlanta Dream,Barclays Center,Brooklyn,NY,10823
2024,Sunday,June,30,3:00 PM,Regular season,Chicago Sky,Minnesota Lynx,Wintrust Arena,Chicago,IL,9025
2024,Sunday,June,30,3:00 PM,Regular season,Phoenix Mercury,Indiana Fever,Footprint Center,Phoenix,AZ,17071
2024,Monday,July,1,10:00 PM,Regular season,Phoenix Mercury,Connecticut Sun,Footprint Center,Phoenix,AZ,8445
2024,Monday,July,1,10:00 PM,Regular season,Seattle Storm,Dallas Wings,Climate Pledge Arena,Seattle,WA,7202
2024,Tuesday,July,2,7:00 PM,Regular season,New York Liberty,Minnesota Lynx,Barclays Center,Brooklyn,NY,10846
2024,Tuesday,July,2,7:00 PM,Regular season,Atlanta Dream,Chicago Sky,Gateway Center Arena @ College Park,Atlanta,GA,3260
2024,Tuesday,July,2,5:00 AM,Regular season,Las Vegas Aces,Indiana Fever,T-Mobile Arena,Las Vegas,NV,20366
2024,Tuesday,July,2,10:00 PM,Regular season,Los Angeles Sparks,Washington Mystics,Crypto.com Arena,Los Angeles,CA,9164
2024,Wednesday,July,3,8:00 PM,Regular season,Dallas Wings,Phoenix Mercury,College Park Center,Arlington,TX,6129
2024,Thursday,July,4,8:00 PM,Regular season,Minnesota Lynx,Connecticut Sun,Target Center,Minneapolis,MN,7508
2024,Thursday,July,4,10:00 PM,Regular season,Las Vegas Aces,Washington Mystics,Michelob ULTRA Arena,Las Vegas,NV,10376
2024,Friday,July,5,3:00 AM,Regular season,Dallas Wings,Atlanta Dream,College Park Center,Arlington,TX,5872
2024,Friday,July,5,10:00 PM,Regular season,Los Angeles Sparks,Las Vegas Aces,Crypto.com Arena,Los Angeles,CA,13840
2024,Friday,July,5,10:00 PM,Regular season,Seattle Storm,Chicago Sky,Climate Pledge Arena,Seattle,WA,10725
2024,Saturday,July,6,1:00 PM,Regular season,Indiana Fever,New York Liberty,Gainbridge Fieldhouse,Indianapolis,IN,17274
2024,Saturday,July,6,8:00 PM,Regular season,Minnesota Lynx,Washington Mystics,Target Center,Minneapolis,MN,7610
2024,Sunday,July,7,1:00 PM,Regular season,Connecticut Sun,Atlanta Dream,Mohegan Sun Arena,Uncasville,CT,7527
2024,Sunday,July,7,11:00 AM,Regular season,Las Vegas Aces,Dallas Wings,Michelob ULTRA Arena,Las Vegas,NV,10369
2024,Sunday,July,7,6:00 PM,Regular season,Seattle Storm,Chicago Sky,Climate Pledge Arena,Seattle,WA,11283
2024,Sunday,July,7,7:00 PM,Regular season,Los Angeles Sparks,Phoenix Mercury,Crypto.com Arena,Los Angeles,CA,11618
2024,Tuesday,July,9,10:00 PM,Regular season,Los Angeles Sparks,Minnesota Lynx,Crypto.com Arena,Los Angeles,CA,9533
2024,Wednesday,July,10,11:00 AM,Regular season,Connecticut Sun,New York Liberty,Mohegan Sun Arena,Uncasville,CT,8910
2024,Wednesday,July,10,12:00 PM,Regular season,Indiana Fever,Washington Mystics,Gainbridge Fieldhouse,Indianapolis,IN,17274
2024,Wednesday,July,10,12:00 PM,Regular season,Chicago Sky,Atlanta Dream,Wintrust Arena,Chicago,IL,9025
2024,Wednesday,July,10,3:00 PM,Regular season,Seattle Storm,Las Vegas Aces,Climate Pledge Arena,Seattle,WA,12500
2024,Wednesday,July,10,11:00 AM,Regular season,Phoenix Mercury,Dallas Wings,Footprint Center,Phoenix,AZ,11601
2024,Thursday,July,11,7:00 PM,Regular season,New York Liberty,Chicago Sky,Barclays Center,Brooklyn,NY,17758
2024,Friday,July,12,3:00 AM,Regular season,Atlanta Dream,Las Vegas Aces,Gateway Center Arena @ College Park,Atlanta,GA,3344
2024,Friday,July,12,3:00 AM,Regular season,Indiana Fever,Phoenix Mercury,Gainbridge Fieldhouse,Indianapolis,IN,17274
2024,Friday,July,12,10:00 PM,Regular season,Seattle Storm,Minnesota Lynx,Climate Pledge Arena,Seattle,WA,8320
2024,Saturday,July,13,1:00 PM,Regular season,Chicago Sky,New York Liberty,Wintrust Arena,Chicago,IL,9025
2024,Saturday,July,13,11:00 AM,Regular season,Dallas Wings,Los Angeles Sparks,College Park Center,Arlington,TX,6251
2024,Sunday,July,14,1:00 PM,Regular season,Connecticut Sun,Phoenix Mercury,Mohegan Sun Arena,Uncasville,CT,8910
2024,Sunday,July,14,3:00 PM,Regular season,Washington Mystics,Las Vegas Aces,Entertainment and Sports Arena,Washington,DC,4200
2024,Sunday,July,14,6:00 PM,Regular season,Seattle Storm,Atlanta Dream,Climate Pledge Arena,Seattle,WA,10036
2024,Sunday,July,14,4:00 PM,Regular season,Minnesota Lynx,Indiana Fever,Target Center,Minneapolis,MN,18978
2024,Tuesday,July,16,7:00 AM,Regular season,Washington Mystics,Phoenix Mercury,Capital One Arena,Washington,DC,12586
2024,Tuesday,July,16,11:00 AM,Regular season,Los Angeles Sparks,Seattle Storm,Crypto.com Arena,Los Angeles,CA,18724
2024,Tuesday,July,16,7:00 PM,Regular season,New York Liberty,Connecticut Sun,Barclays Center,Brooklyn,NY,13694
2024,Tuesday,July,16,10:00 PM,Regular season,Las Vegas Aces,Chicago Sky,Michelob ULTRA Arena,Las Vegas,NV,10396
2024,Wednesday,July,17,1:00 PM,Regular season,Minnesota Lynx,Atlanta Dream,Target Center,Minneapolis,MN,15013
2024,Wednesday,July,17,3:00 AM,Regular season,Dallas Wings,Indiana Fever,College Park Center,Arlington,TX,6251
2024,Thursday,August,15,8:00 PM,Regular season,Chicago Sky,Phoenix Mercury,Wintrust Arena,Chicago,IL,9025
2024,Thursday,August,15,8:00 PM,Regular season,Minnesota Lynx,Washington Mystics,Target Center,Minneapolis,MN,7224
2024,Thursday,August,15,9:00 PM,Regular season,Los Angeles Sparks,New York Liberty,Crypto.com Arena,Los Angeles,CA,11120
2024,Friday,August,16,3:00 AM,Regular season,Atlanta Dream,Seattle Storm,Gateway Center Arena @ College Park,Atlanta,GA,3260
2024,Friday,August,16,3:00 AM,Regular season,Indiana Fever,Phoenix Mercury,Gainbridge Fieldhouse,Indianapolis,IN,17274
2024,Friday,August,16,5:00 AM,Regular season,Dallas Wings,Connecticut Sun,College Park Center,Arlington,TX,6191
2024,Saturday,August,17,2:00 PM,Regular season,Washington Mystics,Minnesota Lynx,Entertainment and Sports Arena,Washington,DC,4200
2024,Saturday,August,17,4:00 PM,Regular season,Las Vegas Aces,New York Liberty,Michelob ULTRA Arena,Las Vegas,NV,10397
2024,Saturday,August,17,5:00 PM,Regular season,Los Angeles Sparks,Chicago Sky,Crypto.com Arena,Los Angeles,CA,16551
2024,Sunday,August,18,3:00 PM,Regular season,Atlanta Dream,Connecticut Sun,Gateway Center Arena @ College Park,Atlanta,GA,3330
2024,Sunday,August,18,6:00 PM,Regular season,Las Vegas Aces,Los Angeles Sparks,Michelob ULTRA Arena,Las Vegas,NV,10311
2024,Sunday,August,18,11:00 AM,Regular season,Indiana Fever,Seattle Storm,Gainbridge Fieldhouse,Indianapolis,IN,17274
2024,Sunday,August,18,9:00 PM,Regular season,Phoenix Mercury,Chicago Sky,Footprint Center,Phoenix,AZ,14267
2024,Tuesday,August,20,7:00 PM,Regular season,Connecticut Sun,Los Angeles Sparks,TD Garden,Boston,MA,19125
2024,Tuesday,August,20,7:00 PM,Regular season,New York Liberty,Dallas Wings,Barclays Center,Brooklyn,NY,11455
2024,Tuesday,August,20,7:00 PM,Regular season,Washington Mystics,Seattle Storm,Entertainment and Sports Arena,Washington,DC,4200
2024,Wednesday,August,21,3:00 AM,Regular season,Atlanta Dream,Phoenix Mercury,Gateway Center Arena @ College Park,Atlanta,GA,3260
2024,Wednesday,August,21,5:00 AM,Regular season,Las Vegas Aces,Minnesota Lynx,Michelob ULTRA Arena,Las Vegas,NV,10429
2024,Thursday,August,22,7:00 PM,Regular season,New York Liberty,Dallas Wings,Barclays Center,Brooklyn,NY,10986
2024,Friday,August,23,3:00 AM,Regular season,Atlanta Dream,Phoenix Mercury,Gateway Center Arena @ College Park,Atlanta,GA,3260
2024,Friday,August,23,3:00 AM,Regular season,Connecticut Sun,Chicago Sky,Mohegan Sun Arena,Uncasville,CT,8910
2024,Friday,August,23,3:00 AM,Regular season,Washington Mystics,Los Angeles Sparks,Entertainment and Sports Arena,Washington,DC,4200
2024,Friday,August,23,5:00 AM,Regular season,Minnesota Lynx,Las Vegas Aces,Target Center,Minneapolis,MN,9124
2024,Saturday,August,24,7:00 PM,Regular season,New York Liberty,Connecticut Sun,Barclays Center,Brooklyn,NY,13098
2024,Saturday,August,24,8:00 PM,Regular season,Minnesota Lynx,Indiana Fever,Target Center,Minneapolis,MN,19023
2024,Sunday,August,25,12:00 PM,Regular season,Chicago Sky,Las Vegas Aces,Wintrust Arena,Chicago,IL,9025
2024,Sunday,August,25,4:00 PM,Regular season,Dallas Wings,Los Angeles Sparks,College Park Center,Arlington,TX,5925
2024,Monday,August,26,3:00 AM,Regular season,Atlanta Dream,Indiana Fever,State Farm Arena,Atlanta,GA,17608
2024,Monday,August,26,10:00 PM,Regular season,Phoenix Mercury,New York Liberty,Footprint Center,Phoenix,AZ,10299
2024,Monday,August,26,10:00 PM,Regular season,Seattle Storm,Washington Mystics,Climate Pledge Arena,Seattle,WA,9535
2024,Tuesday,August,27,8:00 PM,Regular season,Dallas Wings,Las Vegas Aces,College Park Center,Arlington,TX,6251
2024,Wednesday,August,28,7:00 PM,Regular season,Indiana Fever,Connecticut Sun,Gainbridge Fieldhouse,Indianapolis,IN,17274
2024,Wednesday,August,28,8:00 PM,Regular season,Chicago Sky,Washington Mystics,Wintrust Arena,Chicago,IL,8763
2024,Wednesday,August,28,10:00 PM,Regular season,Los Angeles Sparks,New York Liberty,Crypto.com Arena,Los Angeles,CA,10403
2024,Wednesday,August,28,10:00 PM,Regular season,Phoenix Mercury,Minnesota Lynx,Footprint Center,Phoenix,AZ,9482
2024,Wednesday,August,28,10:00 PM,Regular season,Seattle Storm,Atlanta Dream,Climate Pledge Arena,Seattle,WA,9228
2024,Friday,August,30,3:00 AM,Regular season,Chicago Sky,Indiana Fever,Wintrust Arena,Chicago,IL,9445
2024,Friday,August,30,3:00 AM,Regular season,Dallas Wings,Minnesota Lynx,College Park Center,Arlington,TX,5581
2024,Friday,August,30,10:00 PM,Regular season,Las Vegas Aces,Atlanta Dream,Michelob ULTRA Arena,Las Vegas,NV,10397
2024,Friday,August,30,10:00 PM,Regular season,Seattle Storm,New York Liberty,Climate Pledge Arena,Seattle,WA,15800
2024,Saturday,August,31,3:00 PM,Regular season,Washington Mystics,Connecticut Sun,Entertainment and Sports Arena,Washington,DC,4200
2024,Sunday,September,1,1:00 PM,Regular season,Connecticut Sun,Seattle Storm,Mohegan Sun Arena,Uncasville,CT,8910
2024,Sunday,September,1,3:00 PM,Regular season,Minnesota Lynx,Chicago Sky,Target Center,Minneapolis,MN,8421
2024,Sunday,September,1,4:00 PM,Regular season,Dallas Wings,Indiana Fever,College Park Center,Arlington,TX,6251
2024,Sunday,September,1,7:00 PM,Regular season,Los Angeles Sparks,Atlanta Dream,Crypto.com Arena,Los Angeles,CA,11165
2024,Sunday,September,1,4:00 PM,Regular season,Phoenix Mercury,Las Vegas Aces,Footprint Center,Phoenix,AZ,13981
2024,Tuesday,September,3,7:00 PM,Regular season,Connecticut Sun,Seattle Storm,Mohegan Sun Arena,Uncasville,CT,7454
2024,Tuesday,September,3,8:00 PM,Regular season,Dallas Wings,Washington Mystics,College Park Center,Arlington,TX,5129
2024,Tuesday,September,3,10:00 PM,Regular season,Las Vegas Aces,Chicago Sky,T-Mobile Arena,Las Vegas,NV,18394
2024,Tuesday,September,3,10:00 PM,Regular season,Phoenix Mercury,Atlanta Dream,Footprint Center,Phoenix,AZ,7639
2024,Wednesday,September,4,7:00 PM,Regular season,Indiana Fever,Los Angeles Sparks,Gainbridge Fieldhouse,Indianapolis,IN,16645
2024,Thursday,September,5,7:00 PM,Regular season,New York Liberty,Seattle Storm,Barclays Center,Brooklyn,NY,10873
2024,Thursday,September,5,10:00 PM,Regular season,Phoenix Mercury,Washington Mystics,Footprint Center,Phoenix,AZ,7709
2024,Friday,September,6,3:00 AM,Regular season,Atlanta Dream,Dallas Wings,Gateway Center Arena @ College Park,Atlanta,GA,3260
2024,Friday,September,6,3:00 AM,Regular season,Connecticut Sun,Las Vegas Aces,Mohegan Sun Arena,Uncasville,CT,8910
2024,Friday,September,6,3:00 AM,Regular season,Indiana Fever,Minnesota Lynx,Gainbridge Fieldhouse,Indianapolis,IN,17274
2024,Friday,September,6,5:00 AM,Regular season,Chicago Sky,Los Angeles Sparks,Wintrust Arena,Chicago,IL,9025
2024,Saturday,September,7,9:00 PM,Regular season,Seattle Storm,Phoenix Mercury,Climate Pledge Arena,Seattle,WA,14066
2024,Sunday,September,8,3:00 PM,Regular season,Washington Mystics,Minnesota Lynx,Entertainment and Sports Arena,Washington,DC,4200
2024,Sunday,September,8,4:00 PM,Regular season,Indiana Fever,Atlanta Dream,Gainbridge Fieldhouse,Indianapolis,IN,17274
2024,Sunday,September,8,4:00 PM,Regular season,New York Liberty,Las Vegas Aces,Barclays Center,Brooklyn,NY,15393
2024,Sunday,September,8,6:00 PM,Regular season,Chicago Sky,Dallas Wings,Wintrust Arena,Chicago,IL,8704
2024,Sunday,September,8,9:00 PM,Regular season,Los Angeles Sparks,Connecticut Sun,Crypto.com Arena,Los Angeles,CA,10627
2024,Tuesday,September,10,3:00 AM,Regular season,Atlanta Dream,Minnesota Lynx,Gateway Center Arena @ College Park,Atlanta,GA,3260
2024,Tuesday,September,10,8:00 PM,Regular season,Dallas Wings,New York Liberty,College Park Center,Arlington,TX,5157
2024,Tuesday,September,10,10:00 PM,Regular season,Los Angeles Sparks,Connecticut Sun,Crypto.com Arena,Los Angeles,CA,8253
2024,Wednesday,September,11,7:00 PM,Regular season,Indiana Fever,Las Vegas Aces,Gainbridge Fieldhouse,Indianapolis,IN,17274
2024,Wednesday,September,11,8:00 PM,Regular season,Chicago Sky,Washington Mystics,Wintrust Arena,Chicago,IL,7948
2024,Wednesday,September,11,10:00 PM,Regular season,Los Angeles Sparks,Seattle Storm,Crypto.com Arena,Los Angeles,CA,9561
2024,Thursday,September,12,8:00 PM,Regular season,Dallas Wings,New York Liberty,College Park Center,Arlington,TX,5384
2024,Friday,September,13,3:00 AM,Regular season,Atlanta Dream,Washington Mystics,Gateway Center Arena @ College Park,Atlanta,GA,3260
2024,Friday,September,13,3:00 AM,Regular season,Indiana Fever,Las Vegas Aces,Gainbridge Fieldhouse,Indianapolis,IN,17274
2024,Friday,September,13,3:00 AM,Regular season,Dallas Wings,Seattle Storm,College Park Center,Arlington,TX,5728
2024,Friday,September,13,3:00 AM,Regular season,Minnesota Lynx,Chicago Sky,Target Center,Minneapolis,MN,8810
2024,Friday,September,13,10:00 PM,Regular season,Phoenix Mercury,Connecticut Sun,Footprint Center,Phoenix,AZ,14190
2024,Sunday,September,15,3:00 PM,Regular season,Indiana Fever,Dallas Wings,Gainbridge Fieldhouse,Indianapolis,IN,17274
2024,Sunday,September,15,3:00 PM,Regular season,New York Liberty,Minnesota Lynx,Barclays Center,Brooklyn,NY,14246
2024,Sunday,September,15,3:00 PM,Regular season,Washington Mystics,Atlanta Dream,Entertainment and Sports Arena,Washington,DC,4200
2024,Sunday,September,15,6:00 PM,Regular season,Chicago Sky,Phoenix Mercury,Wintrust Arena,Chicago,IL,8577
2024,Sunday,September,15,6:00 PM,Regular season,Las Vegas Aces,Connecticut Sun,Michelob ULTRA Arena,Las Vegas,NV,10431
2024,Sunday,September,15,6:00 PM,Regular season,Seattle Storm,Los Angeles Sparks,Climate Pledge Arena,Seattle,WA,11301
2024,Tuesday,September,17,7:00 PM,Regular season,Connecticut Sun,Minnesota Lynx,Mohegan Sun Arena,Uncasville,CT,8174
2024,Tuesday,September,17,7:00 PM,Regular season,Washington Mystics,New York Liberty,Entertainment and Sports Arena,Washington,DC,4200
2024,Tuesday,September,17,3:00 AM,Regular season,Atlanta Dream,Chicago Sky,Gateway Center Arena @ College Park,Atlanta,GA,3355
2024,Tuesday,September,17,6:00 AM,Regular season,Los Angeles Sparks,Phoenix Mercury,Crypto.com Arena,Los Angeles,CA,11294
2024,Tuesday,September,17,10:00 PM,Regular season,Seattle Storm,Las Vegas Aces,Climate Pledge Arena,Seattle,WA,14298
2024,Thursday,September,19,7:00 PM,Regular season,Connecticut Sun,Chicago Sky,Mohegan Sun Arena,Uncasville,CT,8092
2024,Thursday,September,19,7:00 PM,Regular season,New York Liberty,Atlanta Dream,Barclays Center,Brooklyn,NY,12721
2024,Thursday,September,19,7:00 PM,Regular season,Washington Mystics,Indiana Fever,Capital One Arena,Washington,DC,20711
2024,Thursday,September,19,8:00 PM,Regular season,Minnesota Lynx,Los Angeles Sparks,Target Center,Minneapolis,MN,7908
2024,Thursday,September,19,10:00 PM,Regular season,Las Vegas Aces,Dallas Wings,Michelob ULTRA Arena,Las Vegas,NV,10376
2024,Thursday,September,19,10:00 PM,Regular season,Phoenix Mercury,Seattle Storm,Footprint Center,Phoenix,AZ,11333
2024,Saturday,July,20,4:00 AM,All star,Team WNBA,USAB Women's National Team,Footprint Center,Phoenix,AZ,16407
2024,Sunday,September,22,1:00 PM,First Round,New York Liberty,Atlanta Dream,Barclays Center,Brooklyn,NY,12115
2024,Sunday,September,22,5:00 PM,First Round,Minnesota Lynx,Phoenix Mercury,Target Center,Minneapolis,MN,8524
2024,Sunday,September,22,3:00 PM,First Round,Connecticut Sun,Indiana Fever,Mohegan Sun Arena,Uncasville,CT,8910
2024,Sunday,September,22,10:00 PM,First Round,Las Vegas Aces,Seattle Storm,Michelob ULTRA Arena,Las Vegas,NV,10369
2024,Tuesday,September,24,3:00 AM,First Round,New York Liberty,Atlanta Dream,Barclays Center,Brooklyn,NY,11003
2024,Tuesday,September,24,5:00 AM,First Round,Las Vegas Aces,Seattle Storm,Michelob ULTRA Arena,Las Vegas,NV,10370
2024,Wednesday,September,25,5:00 AM,First Round,Minnesota Lynx,Phoenix Mercury,Target Center,Minneapolis,MN,8769
2024,Wednesday,September,25,3:00 AM,First Round,Connecticut Sun,Indiana Fever,Mohegan Sun Arena,Uncasville,CT,8910
2024,Sunday,September,29,3:00 PM,Semifinals,New York Liberty,Las Vegas Aces,Barclays Center,Brooklyn,NY,14015
2024,Sunday,September,29,4:00 AM,Semifinals,Minnesota Lynx,Connecticut Sun,Target Center,Minneapolis,MN,8506
2024,Friday,October,4,5:00 AM,Semifinals,Las Vegas Aces,New York Liberty,Michelob ULTRA Arena,Las Vegas,NV,10369
2024,Friday,October,4,3:00 AM,Semifinals,Connecticut Sun,Minnesota Lynx,Mohegan Sun Arena,Uncasville,CT,8268
2024,Tuesday,October,1,3:00 AM,Semifinals,New York Liberty,Las Vegas Aces,Barclays Center,Brooklyn,NY,14321
2024,Tuesday,October,1,5:00 AM,Semifinals,Minnesota Lynx,Connecticut Sun,Target Center,Minneapolis,MN,8796
2024,Sunday,October,6,3:00 PM,Semifinals,Las Vegas Aces,New York Liberty,Michelob ULTRA Arena,Las Vegas,NV,10374
2024,Sunday,October,6,5:00 PM,Semifinals,Connecticut Sun,Minnesota Lynx,Mohegan Sun Arena,Uncasville,CT,7849
2024,Tuesday,October,8,8:00 PM,Semifinals,Minnesota Lynx,Connecticut Sun,Target Center,Minneapolis,MN,8769
2024,Thursday,October,10,8:00 PM,Finals,New York Liberty,Minnesota Lynx,Barclays Center,Brooklyn,NY,17732
2024,Sunday,October,13,3:00 PM,Finals,New York Liberty,Minnesota Lynx,Barclays Center,Brooklyn,NY,18046
2024,Wednesday,October,16,8:00 PM,Finals,Minnesota Lynx,New York Liberty,Target Center,Minneapolis,MN,19521
2024,Friday,October,18,8:00 PM,Finals,Minnesota Lynx,New York Liberty,Target Center,Minneapolis,MN,19210
2024,Sunday,October,20,8:00 PM,Finals,New York Liberty,Minnesota Lynx,Barclays Center,Brooklyn,NY,18090
